animals	bear
animals	bee
animals	bird
animals	butterfly
animals	cat
animals	chicken
animals	cow
animals	deer
animals	dog
animals	dolphin
animals	duck
animals	eagle
animals	elephant
animals	fish
animals	fox
animals	frog
animals	giraffe
animals	hedgehog
animals	horse
animals	kangaroo
animals	lion
animals	monkey
animals	mouse
animals	owl
animals	penguin
animals	pig
animals	rabbit
animals	shark
animals	sheep
animals	snake
animals	spider
animals	squirrel
animals	tiger
animals	turtle
animals	whale
animals	wolf
animals	zebra
colors	beige
colors	black
colors	blue
colors	brown
colors	coral
colors	cream
colors	crimson
colors	cyan
colors	gold
colors	gray
colors	green
colors	indigo
colors	ivory
colors	khaki
colors	lavender
colors	lime
colors	magenta
colors	maroon
colors	navy
colors	olive
colors	orange
colors	peach
colors	pink
colors	purple
colors	red
colors	salmon
colors	silver
colors	tan
colors	turquoise
colors	violet
colors	white
colors	yellow
numbers	eight
numbers	eighteen
numbers	eighty
numbers	eleven
numbers	fifteen
numbers	fifty
numbers	five
numbers	forty
numbers	four
numbers	fourteen
numbers	hundred
numbers	million
numbers	nine
numbers	nineteen
numbers	ninety
numbers	one
numbers	seven
numbers	seventeen
numbers	seventy
numbers	six
numbers	sixteen
numbers	sixty
numbers	ten
numbers	thirteen
numbers	thirty
numbers	thousand
numbers	three
numbers	twelve
numbers	twenty
numbers	two
numbers	zero
family	aunt
family	baby
family	boy
family	brother
family	children
family	cousin
family	dad
family	daughter
family	father
family	girl
family	godfather
family	godmother
family	grandfather
family	grandma
family	grandmother
family	husband
family	mom
family	mother
family	nephew
family	niece
family	parents
family	sister
family	son
family	stepbrother
family	stepfather
family	stepmother
family	stepsister
family	twins
family	uncle
family	wife
body	ankle
body	arm
body	back
body	cheek
body	chest
body	chin
body	ear
body	elbow
body	eye
body	eyebrow
body	eyelash
body	face
body	finger
body	foot
body	forehead
body	hair
body	hand
body	head
body	heart
body	knee
body	leg
body	lip
body	mouth
body	nail
body	neck
body	nose
body	shoulder
body	stomach
body	thumb
body	toe
body	tongue
body	tooth
body	wrist
food	apple
food	banana
food	bread
food	butter
food	cake
food	carrot
food	cheese
food	chicken
food	chocolate
food	coffee
food	cookie
food	cucumber
food	cup
food	egg
food	fish
food	grape
food	honey
food	ice_cream
food	juice
food	meat
food	milk
food	onion
food	orange
food	pasta
food	pepper
food	pizza
food	potato
food	rice
food	salad
food	salt
food	sandwich
food	soup
food	strawberry
food	sugar
food	tea
food	tomato
food	water
food	watermelon
school	backpack
school	bell
school	board
school	book
school	break
school	calculator
school	chair
school	chalk
school	class
school	classroom
school	desk
school	dictionary
school	eraser
school	exam
school	folder
school	glue
school	grade
school	hat
school	homework
school	lesson
school	library
school	marker
school	notebook
school	paper
school	pen
school	pencil
school	ruler
school	scissors
school	stapler
school	student
school	subject
school	teacher
school	test
weather	autumn
weather	breeze
weather	cloud
weather	cloudy
weather	cold
weather	dry
weather	foggy
weather	forecast
weather	frost
weather	hail
weather	hot
weather	humid
weather	hurricane
weather	lightning
weather	rain
weather	rainbow
weather	rainy
weather	season
weather	snow
weather	snowy
weather	spring
weather	storm
weather	summer
weather	sun
weather	sunny
weather	temperature
weather	thunder
weather	tornado
weather	warm
weather	wind
weather	windy
weather	winter
sports	badminton
sports	ball
sports	baseball
sports	basketball
sports	boxing
sports	checkers
sports	chess
sports	coach
sports	cycling
sports	diving
sports	field
sports	football
sports	goal
sports	golf
sports	gymnastics
sports	hiking
sports	judo
sports	karate
sports	ping_pong
sports	player
sports	referee
sports	running
sports	score
sports	skating
sports	skiing
sports	soccer
sports	stadium
sports	surfing
sports	swimming
sports	team
sports	tennis
sports	volleyball
sports	wrestling
sports	yoga
travel	airport
travel	beach
travel	bicycle
travel	bike
travel	boat
travel	bridge
travel	bus
travel	camera
travel	car
travel	city
travel	compass
travel	continent
travel	country
travel	destination
travel	helicopter
travel	hotel
travel	journey
travel	luggage
travel	map
travel	motorcycle
travel	mountain
travel	passport
travel	plane
travel	port
travel	road
travel	ship
travel	station
travel	street
travel	suitcase
travel	taxi
travel	ticket
travel	tourist
travel	train
travel	trip
travel	truck
travel	vacation
emotions	afraid
emotions	angry
emotions	anxious
emotions	brave
emotions	calm
emotions	cheerful
emotions	confident
emotions	confused
emotions	content
emotions	disappointed
emotions	embarrassed
emotions	excited
emotions	frustrated
emotions	grateful
emotions	happy
emotions	jealous
emotions	lonely
emotions	nervous
emotions	peaceful
emotions	proud
emotions	relaxed
emotions	sad
emotions	scared
emotions	shy
emotions	stressed
emotions	surprised
emotions	tired
emotions	worried
actions	answer
actions	ask
actions	brush
actions	buy
actions	can
actions	clean
actions	cook
actions	dance
actions	draw
actions	drink
actions	eat
actions	feel
actions	forget
actions	give
actions	go
actions	hear
actions	help
actions	hold
actions	jump
actions	know
actions	learn
actions	listen
actions	look
actions	play
actions	read
actions	remember
actions	rest
actions	run
actions	see
actions	sell
actions	sing
actions	sit
actions	sleep
actions	speak
actions	stand
actions	study
actions	take
actions	talk
actions	teach
actions	think
actions	touch
actions	understand
actions	walk
actions	wash
actions	watch
actions	work
actions	write
house	attic
house	balcony
house	basement
house	bathroom
house	bathtub
house	bed
house	bedroom
house	ceiling
house	chair
house	clock
house	closet
house	computer
house	door
house	fence
house	floor
house	fridge
house	garage
house	garden
house	gate
house	house
house	key
house	kitchen
house	lamp
house	light
house	living_room
house	lock
house	mirror
house	oven
house	phone
house	picture
house	refrigerator
house	roof
house	shelf
house	shower
house	sink
house	soap
house	sofa
house	stairs
house	stove
house	table
house	television
house	toilet
house	toothbrush
house	toothpaste
house	towel
house	wall
house	window
house	yard
sight	and
sight	at
sight	is
sight	it
sight	me
sight	my
sight	the
sight	we
sight	you
community	airport
community	avenue
community	bank
community	bridge
community	bus_stop
community	cafe
community	church
community	city
community	country
community	fire_station
community	gas_station
community	hospital
community	library
community	market
community	mosque
community	museum
community	neighborhood
community	park
community	pharmacy
community	police
community	port
community	post_office
community	restaurant
community	school
community	shop
community	square
community	street
community	supermarket
community	synagogue
community	town
community	train_station
community	village
technology	account
technology	app
technology	battery
technology	bluetooth
technology	camera
technology	charger
technology	computer
technology	download
technology	email
technology	file
technology	folder
technology	game
technology	headphones
technology	internet
technology	keyboard
technology	laptop
technology	message
technology	microphone
technology	mouse
technology	password
technology	phone
technology	photo
technology	printer
technology	program
technology	robot
technology	scanner
technology	screen
technology	search
technology	smartphone
technology	social_media
technology	software
technology	speaker
technology	tablet
technology	upload
technology	video
technology	website
technology	wifi
health	allergy
health	appointment
health	bandage
health	better
health	checkup
health	clinic
health	cold
health	cough
health	dentist
health	doctor
health	exercise
health	fever
health	flu
health	headache
health	healthy
health	hospital
health	hurt
health	injection
health	medicine
health	nurse
health	pain
health	patient
health	pill
health	recover
health	rest
health	sick
health	stomachache
health	surgery
health	toothache
health	treatment
health	vaccine
health	well
health	worse
environment	animal
environment	beach
environment	bee
environment	bin
environment	bird
environment	branch
environment	butterfly
environment	clean
environment	clean_water
environment	cloud
environment	desert
environment	dirty
environment	fish
environment	flower
environment	forest
environment	fresh
environment	fresh_air
environment	garbage
environment	grass
environment	hill
environment	insect
environment	island
environment	lake
environment	leaf
environment	moon
environment	mountain
environment	nature
environment	ocean
environment	planet
environment	pollution
environment	protect
environment	recycle
environment	river
environment	root
environment	save
environment	save_energy
environment	sea
environment	sky
environment	star
environment	sun
environment	trash
environment	tree
environment	valley
environment	waste
culture	actor
culture	actress
culture	art
culture	book
culture	celebration
culture	ceremony
culture	custom
culture	dance
culture	director
culture	drawing
culture	drum
culture	faith
culture	festival
culture	film
culture	flag
culture	guitar
culture	holiday
culture	instrument
culture	language
culture	movie
culture	music
culture	musician
culture	painting
culture	party
culture	piano
culture	poem
culture	poetry
culture	prayer
culture	religion
culture	sculpture
culture	singer
culture	song
culture	story
culture	theater
culture	tradition
culture	violin
culture	writer
history	ancient
history	artifact
history	battle
history	castle
history	century
history	date
history	day
history	defeat
history	discovery
history	event
history	explorer
history	future
history	hero
history	hour
history	invention
history	journey
history	king
history	leader
history	memory
history	minute
history	modern
history	month
history	monument
history	museum
history	new
history	old
history	palace
history	past
history	peace
history	prince
history	princess
history	queen
history	scientist
history	second
history	time
history	today
history	victory
history	war
history	week
history	year
global_issues	aid
global_issues	air_pollution
global_issues	awareness
global_issues	campaign
global_issues	carbon_footprint
global_issues	charity
global_issues	clean_energy
global_issues	climate
global_issues	climate_change
global_issues	conserve
global_issues	deforestation
global_issues	disaster
global_issues	donation
global_issues	drought
global_issues	earthquake
global_issues	education
global_issues	emergency
global_issues	endangered
global_issues	energy
global_issues	environment
global_issues	extinct
global_issues	flood
global_issues	fossil_fuel
global_issues	fundraise
global_issues	garbage
global_issues	global_warming
global_issues	greenhouse_effect
global_issues	habitat
global_issues	help
global_issues	information
global_issues	knowledge
global_issues	nature
global_issues	ocean
global_issues	planet_earth
global_issues	plastic
global_issues	pollution
global_issues	preserve
global_issues	protect
global_issues	recycle
global_issues	recycle_bin
global_issues	reduce
global_issues	renewable_energy
global_issues	reuse
global_issues	save
global_issues	solar_energy
global_issues	species
global_issues	support
global_issues	trash
global_issues	tsunami
global_issues	volunteer
global_issues	waste
global_issues	water_energy
global_issues	water_pollution
global_issues	wind_energy