key,subject,producerProof,taxonomyId,existingEnglishLabel,proposedFactualEnglishLabel,aliasKeys,safeFactualWording,requiresRewrite,canAppearWithCount,canAppearBesideMastery,status
omitted_addend,math,REAL_RUNTIME_classifier,,,Only two addends were used out of three,,false,true,true,true,proposed_factual_seed
add_instead_of_sub,math,REAL_RUNTIME_classifier,,,Addition was used instead of subtraction,,false,true,true,true,proposed_factual_seed
mul_instead_of_add,math,supplemental_classifier_TEP,,,NEEDS_FACTUAL_REWRITE_FROM_HE_LABEL,,false,true,true,true,missing_en_label
sub_instead_of_add,math,REAL_RUNTIME_classifier,,,Subtraction was used instead of addition,,false,true,true,true,proposed_factual_seed
add_instead_of_mul,math,supplemental_classifier_TEP,,,NEEDS_FACTUAL_REWRITE_FROM_HE_LABEL,,false,true,true,true,missing_en_label
mul_instead_of_div,math,supplemental_classifier_TEP,,,NEEDS_FACTUAL_REWRITE_FROM_HE_LABEL,,false,true,true,true,missing_en_label
math_decimal_place_shift_error,math,REAL_RUNTIME_classifier,,,NEEDS_FACTUAL_REWRITE_FROM_HE_LABEL,,false,true,true,true,missing_en_label
math_percentage_base_error,math,REAL_RUNTIME_classifier,,,NEEDS_FACTUAL_REWRITE_FROM_HE_LABEL,,false,true,true,true,missing_en_label
math_equation_inverse_error,math,REAL_RUNTIME_classifier,,,NEEDS_FACTUAL_REWRITE_FROM_HE_LABEL,,false,true,true,true,missing_en_label
rounding_wrong_direction,math,REAL_RUNTIME_classifier,,,NEEDS_FACTUAL_REWRITE_FROM_HE_LABEL,,false,true,true,true,missing_en_label
wrong_operation_wp,math,REAL_RUNTIME_classifier,,,NEEDS_FACTUAL_REWRITE_FROM_HE_LABEL,,false,true,true,true,missing_en_label
unit_error,math,REAL_RUNTIME_classifier,,,NEEDS_FACTUAL_REWRITE_FROM_HE_LABEL,,false,true,true,true,missing_en_label
place_value_error,math,REAL_RUNTIME_classifier,,there may be some confusion with the place value of digits,NEEDS_FACTUAL_REWRITE_FROM_HE_LABEL,,false,true,true,true,unsafe_existing_en
calculation_off_by_one,math,supplemental_classifier_TEP,,,NEEDS_FACTUAL_REWRITE_FROM_HE_LABEL,,false,true,true,true,missing_en_label
calculation_near_miss,math,supplemental_classifier_TEP,,,NEEDS_FACTUAL_REWRITE_FROM_HE_LABEL,,false,true,true,true,missing_en_label
carry_error,math,REAL_RUNTIME_classifier,,,A carrying step in addition was incorrect,,false,true,true,true,proposed_factual_seed
regroup_error,math,REAL_RUNTIME_classifier,,,NEEDS_FACTUAL_REWRITE_FROM_HE_LABEL,carry_error,false,true,true,true,missing_en_label
column_carry_error,math,REAL_RUNTIME_classifier,,,NEEDS_FACTUAL_REWRITE_FROM_HE_LABEL,carry_error,false,true,true,true,missing_en_label
borrow_error,math,supplemental_classifier_TEP,,,A borrowing step in subtraction was incorrect,,false,true,true,true,proposed_factual_seed
multiplication_fact_error,math,REAL_RUNTIME_classifier,,,NEEDS_FACTUAL_REWRITE_FROM_HE_LABEL,,false,true,true,true,missing_en_label
numerator_only_compare,math,REAL_RUNTIME_classifier,,,NEEDS_FACTUAL_REWRITE_FROM_HE_LABEL,,false,true,true,true,missing_en_label
mirror_error,math,REAL_RUNTIME_classifier,,,NEEDS_FACTUAL_REWRITE_FROM_HE_LABEL,common_denominator_error,false,true,true,true,missing_en_label
common_denominator_error,math,REAL_RUNTIME_classifier,,,NEEDS_FACTUAL_REWRITE_FROM_HE_LABEL,,false,true,true,true,missing_en_label
fraction_operation_error,math,REAL_RUNTIME_classifier,,,NEEDS_FACTUAL_REWRITE_FROM_HE_LABEL,common_denominator_error,false,true,true,true,missing_en_label
forgot_divide_by_2,geometry,REAL_RUNTIME_classifier,,,NEEDS_FACTUAL_REWRITE_FROM_HE_LABEL,,false,true,true,true,missing_en_label
perimeter_area_confusion,geometry,REAL_RUNTIME_classifier,,,NEEDS_FACTUAL_REWRITE_FROM_HE_LABEL,,false,true,true,true,missing_en_label
perimeter_formula_error,geometry,supplemental_classifier_TEP,,,NEEDS_FACTUAL_REWRITE_FROM_HE_LABEL,,false,true,true,true,missing_en_label
volume_formula_error,geometry,REAL_RUNTIME_classifier,,,NEEDS_FACTUAL_REWRITE_FROM_HE_LABEL,,false,true,true,true,missing_en_label
area_formula_error,geometry,REAL_RUNTIME_classifier,,,NEEDS_FACTUAL_REWRITE_FROM_HE_LABEL,,false,true,true,true,missing_en_label
triangle_angle_sum_error,geometry,supplemental_classifier_TEP,,,NEEDS_FACTUAL_REWRITE_FROM_HE_LABEL,,false,true,true,true,missing_en_label
pythagorean_relation_error,geometry,REAL_RUNTIME_classifier,,,NEEDS_FACTUAL_REWRITE_FROM_HE_LABEL,,false,true,true,true,missing_en_label
shape_property_confusion,geometry,REAL_RUNTIME_classifier,,,NEEDS_FACTUAL_REWRITE_FROM_HE_LABEL,,false,true,true,true,missing_en_label
angle_range_error,geometry,REAL_RUNTIME_classifier,,,NEEDS_FACTUAL_REWRITE_FROM_HE_LABEL,,false,true,true,true,missing_en_label
transformation_error,geometry,REAL_RUNTIME_classifier,,,NEEDS_FACTUAL_REWRITE_FROM_HE_LABEL,,false,true,true,true,missing_en_label
symmetry_error,geometry,REAL_RUNTIME_classifier,,,NEEDS_FACTUAL_REWRITE_FROM_HE_LABEL,,false,true,true,true,missing_en_label
spelling_pattern_error,english,REAL_RUNTIME_classifier,,,NEEDS_FACTUAL_REWRITE_FROM_HE_LABEL,,false,true,true,true,missing_en_label
spelling_error,english,REAL_RUNTIME_classifier,,,NEEDS_FACTUAL_REWRITE_FROM_HE_LABEL,,false,true,true,true,missing_en_label
grammar_error,english,REAL_RUNTIME_classifier,,,NEEDS_FACTUAL_REWRITE_FROM_HE_LABEL,,false,true,true,true,missing_en_label
tense_error,english,supplemental_classifier_TEP,,,NEEDS_FACTUAL_REWRITE_FROM_HE_LABEL,,false,true,true,true,missing_en_label
agreement_error,math,supplemental_classifier_TEP,,,NEEDS_FACTUAL_REWRITE_FROM_HE_LABEL,,false,true,true,true,missing_en_label
vocabulary_meaning_error,english,REAL_RUNTIME_classifier,,,NEEDS_FACTUAL_REWRITE_FROM_HE_LABEL,,false,true,true,true,missing_en_label
translation_error,english,REAL_RUNTIME_classifier,,,NEEDS_FACTUAL_REWRITE_FROM_HE_LABEL,,false,true,true,true,missing_en_label
preposition_error,english,REAL_RUNTIME_classifier,,,NEEDS_FACTUAL_REWRITE_FROM_HE_LABEL,,false,true,true,true,missing_en_label
phrasal_verb_error,english,REAL_RUNTIME_classifier,,,NEEDS_FACTUAL_REWRITE_FROM_HE_LABEL,,false,true,true,true,missing_en_label
sentence_structure_error,english,REAL_RUNTIME_classifier,,,NEEDS_FACTUAL_REWRITE_FROM_HE_LABEL,,false,true,true,true,missing_en_label
phonics_minimal_pair_error,english,REAL_RUNTIME_classifier,,,NEEDS_FACTUAL_REWRITE_FROM_HE_LABEL,,false,true,true,true,missing_en_label
vocabulary_context_error,english,REAL_RUNTIME_classifier,,,NEEDS_FACTUAL_REWRITE_FROM_HE_LABEL,,false,true,true,true,missing_en_label
grammar_agreement_error,english,REAL_RUNTIME_classifier,,,NEEDS_FACTUAL_REWRITE_FROM_HE_LABEL,,false,true,true,true,missing_en_label
reading_comprehension_error,english,REAL_RUNTIME_classifier,,,NEEDS_FACTUAL_REWRITE_FROM_HE_LABEL,,false,true,true,true,missing_en_label
homophone_confusion,english,REAL_RUNTIME_classifier,,,NEEDS_FACTUAL_REWRITE_FROM_HE_LABEL,,false,true,true,true,missing_en_label
homograph_error,math,REAL_RUNTIME_classifier,,,NEEDS_FACTUAL_REWRITE_FROM_HE_LABEL,homophone_confusion,false,true,true,true,missing_en_label
verb_tense_error,english,REAL_RUNTIME_classifier,,,NEEDS_FACTUAL_REWRITE_FROM_HE_LABEL,,false,true,true,true,missing_en_label
punctuation_error,math,REAL_RUNTIME_classifier,,,NEEDS_FACTUAL_REWRITE_FROM_HE_LABEL,,false,true,true,true,missing_en_label
speaking_expression_error,english,REAL_RUNTIME_classifier,,,NEEDS_FACTUAL_REWRITE_FROM_HE_LABEL,,false,true,true,true,missing_en_label
concept_confusion,science,REAL_RUNTIME_classifier,,,NEEDS_FACTUAL_REWRITE_FROM_HE_LABEL,,false,true,true,true,missing_en_label
variable_control_error,science,REAL_RUNTIME_classifier,,,NEEDS_FACTUAL_REWRITE_FROM_HE_LABEL,,false,true,true,true,missing_en_label
body_system_confusion,science,REAL_RUNTIME_classifier,,,NEEDS_FACTUAL_REWRITE_FROM_HE_LABEL,,false,true,true,true,missing_en_label
material_property_error,science,REAL_RUNTIME_classifier,,,NEEDS_FACTUAL_REWRITE_FROM_HE_LABEL,,false,true,true,true,missing_en_label
physical_chemical_confusion,science,REAL_RUNTIME_classifier,,,NEEDS_FACTUAL_REWRITE_FROM_HE_LABEL,,false,true,true,true,missing_en_label
planet_confusion,science,REAL_RUNTIME_classifier,,,NEEDS_FACTUAL_REWRITE_FROM_HE_LABEL,,false,true,true,true,missing_en_label
ecosystem_confusion,science,REAL_RUNTIME_classifier,,,NEEDS_FACTUAL_REWRITE_FROM_HE_LABEL,,false,true,true,true,missing_en_label
animal_classification_error,science,REAL_RUNTIME_classifier,,,NEEDS_FACTUAL_REWRITE_FROM_HE_LABEL,,false,true,true,true,missing_en_label
comparison_error,math,REAL_RUNTIME_classifier,,,NEEDS_FACTUAL_REWRITE_FROM_HE_LABEL,,false,true,true,true,missing_en_label
math_compare_relation_error,math,REAL_RUNTIME_classifier,,,NEEDS_FACTUAL_REWRITE_FROM_HE_LABEL,,false,true,true,true,missing_en_label
math_scale_operation_error,math,REAL_RUNTIME_classifier,,,NEEDS_FACTUAL_REWRITE_FROM_HE_LABEL,,false,true,true,true,missing_en_label
math_division_operation_error,math,REAL_RUNTIME_classifier,,,NEEDS_FACTUAL_REWRITE_FROM_HE_LABEL,,false,true,true,true,missing_en_label
math_remainder_error,math,REAL_RUNTIME_classifier,,,NEEDS_FACTUAL_REWRITE_FROM_HE_LABEL,,false,true,true,true,missing_en_label
math_sequence_step_error,math,REAL_RUNTIME_classifier,,,NEEDS_FACTUAL_REWRITE_FROM_HE_LABEL,,false,true,true,true,missing_en_label
math_ratio_order_error,math,REAL_RUNTIME_classifier,,,NEEDS_FACTUAL_REWRITE_FROM_HE_LABEL,,false,true,true,true,missing_en_label
math_operation_order_error,math,REAL_RUNTIME_classifier,,,NEEDS_FACTUAL_REWRITE_FROM_HE_LABEL,,false,true,true,true,missing_en_label
math_divisibility_classification_error,math,REAL_RUNTIME_classifier,,,NEEDS_FACTUAL_REWRITE_FROM_HE_LABEL,,false,true,true,true,missing_en_label
math_prime_composite_classification_error,math,REAL_RUNTIME_classifier,,,NEEDS_FACTUAL_REWRITE_FROM_HE_LABEL,,false,true,true,true,missing_en_label
math_power_as_multiplication_error,math,REAL_RUNTIME_classifier,,,NEEDS_FACTUAL_REWRITE_FROM_HE_LABEL,,false,true,true,true,missing_en_label
math_identity_property_error,math,REAL_RUNTIME_classifier,,,NEEDS_FACTUAL_REWRITE_FROM_HE_LABEL,,false,true,true,true,missing_en_label
math_estimation_strategy_error,math,REAL_RUNTIME_classifier,,,NEEDS_FACTUAL_REWRITE_FROM_HE_LABEL,,false,true,true,true,missing_en_label
math_gcd_smaller_input_error,math,REAL_RUNTIME_classifier,,,NEEDS_FACTUAL_REWRITE_FROM_HE_LABEL,,false,true,true,true,missing_en_label